"Auteur";"Date";"Note";"Sentiment";"Texte"
"David";"Il y a 15 heures";"1";"0.0";"souten circular ring kickstart seduit ide bagu connecte revolutionnair capabl mesur tension arteriel glycem bien plus encor eter just bijou tech present comm avance majeur sant preventiv resultat objet cert design loin etait promettr fonctionnalit innov cel fair vendr ni disponibl inclus pir monetise vi abon achat integr autr term final livr bracelet sommeil lux deguis complet moyen suppl apparent pratiqu commercial trompeur glissement progress promess deven object ambiti optionnel back client pieg mensong omiss savamm orchestr tant contributeur premier heur sen vol ten engag transform discour defauss derrier commun fui deconseil fermem moment respect offrir acce celui permettr exist projet rest trahison technolog"
"Jasmin Rajab Lootah";"18 juil. 2025";"5";"1.0";"depuis port bagu dorm plus profond appliqu guid bon conseil simpl sen mieux chaqu matin"
"JFZ";"10 juil. 2025";"1";"0.0";"societ tien engag produir defectu bout mois possibl remplac toujour rembours depuis fuirp servic consomm jam voir pauvr conseil fair celui pouvoir support manag incompetent"
"Zayyan";"10 juil. 2025";"5";"1.0";"port souvent pend seanc sportif suivr donne san gen design pler vrai"
"Blaise Fontaine";"8 juil. 2025";"5";"1.0";"etais avoir besoin mainten peux plus pass cel amelior sommeil bien etre general"
"Gérard";"6 juil. 2025";"1";"0.0";"resum episod command pris contact car circular slim h renvoi bagu etiquet prepaye recept circularet depuis comm beaucoup fai balad faux promess maj redressem judiciair dat donc comprend mieux fair rembours ven avoir gel tien toujour remboursem argument list attent bien surj sais mediateur reponduetap suiv signal conso non plus repondu interess client sav vien protect jurid ca devient lassantpour aller frais justic problem faut ete patient"
"BEAPS";"1 juil. 2025";"1";"0.0";"esper pass bagu doigt circular vent fabriqu revendr produir miroir alouet ca brill beaucoup attir rien derrier si coup fusil autr pieg gogo chos aim gadget perdr argent bon plan trist experient"
"Amaury Picard";"1 juil. 2025";"5";"1.0";"agreabl avoir besoin abonnem bagu appliqu fonction parfait ensembl obten tout dont"
"Samuel Roger";"18 juin 2025";"5";"1.0";"aim fair besoin abonnem bagu appliqu fonction parfait ensembl obten tout inform dont san frais supplementair"
"Sylvain Stoerckler";"17 juin 2025";"1";"0.0";"sag continu toujour rembours effect command pass octobr repond tre gent aller occup rapid resoudr problem fair rien apre avoir evoqu mani dilatoir plusieur raison non dont fameux list attent adress email soi dis pens serieux honnetet caracteristiqu principal entrepris"
"Yoann";"14 mai 2025";"1";"0.0";"bagu fonction jour servic client contact foule garant aucun reactivit apre mois echang demand renvoi rembours renvoye decembr nouveau malgr relanc pass chemin societ si vouloir perdr argent"
"Pascal";"13 mars 2025";"1";"0.0";"apre avoir essay obten pend plusieur mois deuxiem remplacem bagu final demand rembours ca dur depuis fin decembr fair mieux comprend frustrat tout possibl bref pipo dej laiss messag ici trois mem repons beaucoup desol va prendr contact regl problem rapid toujour point pens pouvoir consider arnaqu"
"Domenico DP";"7 mars 2025";"1";"0.0";"mef respect del retract malheur avoir achet circular ring quelqu jour avant sort slim premi eter fiabl demand rembours aucun ete tre fort fair tourn rond pretextent administr promettr reven ver nouveau quand fait rappel don autr excus"
"IVAN";"7 mars 2025";"1";"0.0";"attent gros arnaqu scam promess remboursem envoi bagu bidon fait avoir plus an command mal fin arret non fonctionnel"
"EKL";"28 févr. 2025";"1";"0.0";"suit souc taill bagu support propos renvoi dessous plutot remboursem voi rien arriv dir falloir attendr mois recevoir demand alor rembours attend toujour depuis plus mainten malgr multipl relanc vi paypal car procedur standard march person repondu pouvoir apparent fair aid"
"Thomas H";"Actualisé le 22 févr. 2025";"5";"1.0";"pet compagnon agreabl port tre util connaitr donne corporel ideal comm assist suivr sant"
"Pierre-Alexandre THEBAUD";"20 févr. 2025";"1";"0.0";"circular slim command fin recu mar fonction normal pend semain pouvoir anneau mort remplac prendr mois nouveau prec eme fair vrai attent port mem plus sport abim bref resous demand rembours tard toujour remboursem balad etre patient ca aller ven resum tre fragil non fiabl servic client boulot obten produit defectu sembl impossibl"
"Cold";"10 févr. 2025";"1";"0.0";"recu bagu chaqu fois batter ten plus mois mainten cel fair pre attend rembours rien ven bref mem constat beaucoup autr client"
"Deborah";"5 févr. 2025";"5";"1.0";"circular ring slim tel simpl utilis ajust parfait inform sant tre precis alarm vibr jol ajout"
"Brian";"5 févr. 2025";"5";"1.0";"track sant incroi meilleur abonnem suivr stress sup fonctionnalit appliqu fourn nombreux donne util"
"Jeremy";"5 févr. 2025";"5";"1.0";"suivr sommeil bagu tre impression fourn donne detaille si confort remarqu mem quand port"
"Adam";"5 févr. 2025";"5";"1.0";"achet bagu quelqu mois deven excellent ajout routin suivr sommeil detaill appliqu regorg donne util"
"Jerry";"4 févr. 2025";"5";"1.0";"utilis circular ring slim tout jour fantast leger confort suivr sant parfait fonctionnalit appliqu egal excellent"
"Bruce";"22 janv. 2025";"5";"1.0";"satisf experient bagu incroyablem leger suivr donne ser correct appliqu plein fonctionnalit"
"Aaron";"22 janv. 2025";"5";"1.0";"design bagu eleg si leg suivr frequenc cardiaqu spo precis appliqu outil util bien etre"
"Benjamin";"21 janv. 2025";"5";"1.0";"bagu facil port autonom batter correct dur plusieur jour leg eleg parf utilis quotidien"
"Joshua";"21 janv. 2025";"5";"1.0";"bagu tre fin facil port tout journe suivr frequenc cardiaqu sommeil precis exercic respir guid vrai util"
"David";"Actualisé le 31 mars 2025";"1";"0.0";"mis jour mar procedur mediat conso repress fraud enclenche not entrepris redressem judiciair depuis aout fevri toujour recu remboursem malgr relanc mois contr recois bien spam nouveau bagu promess rien si ici boug vai contact dgccrf mediateur evalu janvi ci dessous relat innombr echang mail entrer chaqu etap parc ca trop long sinon commandem receptionseptembr dej hor servicenovembr remplacem annonc supportdecembr support rembours multipl decid fair retour trustpilot reactif fin dir facad derrier mettr quand enfin avis posit tout evident faux saut yeux prendr temp lir"
"SB";"Actualisé le 20 janv. 2025";"1";"0.0";"fuir bagu fonction apre retour demand aucun rembours cel fair an attend promettr acceler remboursem suit repons circular exact repond tout mail depuis"
"Arielle";"15 janv. 2025";"1";"0.0";"arnaqu total fuir pay bagu an rendr compt suit non recept apre demand rembours cel fair balad dir train resoudr souc necessair acceler processus rien aucun horizon depuis manipul fait confianc"
"Stephane Letailleur";"14 janv. 2025";"1";"0.0";"nouveau situat rembours euro lieu bon rappel certain articl cod consomm civil vrai magiqu pass manqu ose esper aller revoir cop avant etap superieur sav assez reactif pens bien brid direct neanmoin chemin"
"Guillaume A.";"11 janv. 2025";"1";"0.0";"bagu circular slim commande recu promess livraison eme chargeur avoir aut attendr jam total h multipl echang dilatoir bot reln ca repond comm tel entrer depuis plus ni imag seul mail recus remettr gracieux annonce env lorsqu commercialis abandonne passag moqu agir sav objet mois fonction fuir"
"Philippe Luttringer";"3 janv. 2025";"1";"0.0";"bonjourproduit command novembr recu janvi total cess fonction apre plusieur echang servic client ca refonction produit mani defectu part tre nombreux support renvoi analys final produir cour resolu dat circular pir experient"
"sam boucher";"31 déc. 2024";"1";"0.0";"achet bagu juin atteindr mois livraison avoir eter defectu dure quelqu semain seul mainten cel fair plus an attend apre remplacem circular invent tout sort conner compagn mediocr person aller pet entrepris contact jam voir auss pathetiqu not dat experient ci bas bon car pouvoir loin decembr"
"Flo";"28 déc. 2024";"1";"0.0";"sav deplorableapr plus mois attent jam recu produir souc livraison logist exist tien rigueur vrai problem servic apre vent person ete capabl don dat approxim repons contredir autr etaient copi coll messag preredig vouloir rien dir deux semain palabr inutil enfin consent rembours achat retrouv san cadeau offrir soir noel produit certain qualit cel fair tout gros remettr question prevoir"
"Gnb";"27 déc. 2024";"1";"0.0";"bagu connecte commande novembr derni expedit toujour repousse multipl raison fallaci expedie decembr encor moin recu savoir envoi courriel report retard diver annul command jour attendr rembours complet car non execut"
"Priscilla Egloff";"24 déc. 2024";"1";"0.0";"fuir tout urgenc reper entrepris celebr emiss concept produit vrai emball attendr longtemp developp mettr vent bagu croir beaucoup donc fair achat novembr livraison prevu mai chos suit mal commenc savoir ete livr plus six mois retard taill eter bon car entrer deux perdr rachete autr encor fois confianc depuis jour cauchemar souc prix dej consequent achet garant expre quand synchron appliqu problem fonction mesur inform sant peu but principal bref toujour cel semain etre resolu chang quatr chaqu croi utilis maximum consecut servic client oper different auquel affair repond chacun version catastroph demand rembours assez avoir pai presqu produir peux pret envoi nouveau prototyp rab devoir rajout poch combl maintien veux remboursem ca dur rembourse essai gagn temp sort excus mond abord parc trop mem ensuit si promettr decembr sen gros comm maison ici ecrit paypal alor cart bancair mont enti attend hont deplorabl rapid sais justic associ consomm aller jusqu bouill falloir arret tet gen"
"Gaspard";"5 déc. 2024";"5";"1.0";"bagu rendr suivr sant amus simpl ador legeret appliqu rempl fonctionnalit util"
"Lysandra";"5 déc. 2024";"5";"1.0";"bagu rest bon sant sembl facil sup leg precis appliqu don tout inform besoin"
"Célestin";"4 déc. 2024";"5";"1.0";"circular ring slim integr parfait mod vi eleg suivr condit physiqu san effort appliqu bien concu"
"Aimé";"4 déc. 2024";"5";"1.0";"depuis utilis bagu sen plus phas sant confort port appliqu fourn donne precis detaille"
"Eric";"2 déc. 2024";"5";"1.0";"quand achet bagu attend grand chos revel incroi appliqu fourn mettr jour clair tre confort"
"Violette";"1 déc. 2024";"5";"1.0";"utilis bagu depuis semain peux plus pass eger eleg fourn rapport detaill ser vi appliqu"
"Léandre";"27 nov. 2024";"5";"1.0";"parcour fitn deven tel plus facil grac bagu suivr tout parfait appliqu motiv rest actif"
"Célia GUILBOT";"26 nov. 2024";"1";"0.0";"achat premier bagu circular arriv mois retard jusqu ok eter defectu apre bataill pend accept rembours envoy second san consent alor interess aujourd hui novembr depuis janvi fair prix initial pret renvoi ignor mail dir em semain anne incroi pouvoir annul demand paypal jour aucun honteux non fuir simpl car quelqu chos servic client part mis demeur aller tre prochain recevoir si situat regl"
"Noéline";"24 nov. 2024";"5";"1.0";"ami recommand bagu tel content avoir ecout leger eleg rendr suivr sant tre simpl appliqu"
"Séraphine";"24 nov. 2024";"5";"1.0";"routin sant quotidien tel ameliore bagu fiabl batter dur longtemp appliqu tre inform"
"Cyprien";"24 nov. 2024";"5";"1.0";"realis quel point besoin bagu avant commenc utilis incroyablem leg appliqu don tout inform sant"
"Celeste Jarvis";"22 nov. 2024";"5";"1.0";"debut etais sceptiqu bagu convaincr confort suivr tout dont besoin appliqu fourn statist clair"
"Aqui";"20 nov. 2024";"1";"0.0";"avis comment repons circular ier fair depuis plusieur mois san jam rembours aller part savoir aucun referent permettr trait dossi reaffirm conseil achet produir entrepris sou pein perdr argent"
"Arinice";"Actualisé le 23 nov. 2024";"1";"0.0";"entrepris malhonnet recu bagu aout apre semain fonction cess mois combat final obten rembours partiel sou pretext renvoy jour march trop attent arnaqu dossi transmettr dgccrf aller jusqu bout recuper argent mem si ca devoir cout mis recontact comm demand repons ci dessous voic retour bonjour ariel merc avoir contact rein servic clientel circular comprend frustrat present nouveau excus experient decev confirm ete clotur car effectu autr question preoccup hesit fair part reston disposit tout clarif supplementair cordial vrai blagu satisfact real derni souc fatigu mettr entrer main protect jurid incroi societ franc pouvoir comport impun sort continu plus bel band descroc suit meut repondu sincerem derang messag gener automatiquem avi laiss trustpilot afin assur prendr compt explor option possibl resoudr problem tien inform bien financi comprehens cest honteux escroc aucun ethiqu"
"maud";"18 nov. 2024";"1";"0.0";"mot voleur retour experient client anneau con nombreux dysfonction majeur exempl batter vid bout heur dat errone gros ecart relev trak donne sommeil concern cardiolog apparaîtr presqu jam point posit servic repond mail apport aucun solut renvoy defectu inutilis septembr depuis plus rien pur vol euro bagu fonction tout deconseil fort achat comprendr version bet vrai utilit"
"Mathieu Yclick";"13 nov. 2024";"1";"0.0";"achet bagu connecte circular pens trouv produit high tech modern pratiqu install decept rendr logiciel visibl ecran pc smartphon tout minuscul illisibl cliqu deven parcour combattr interfac sembl droit sort anne adress mac nom intern compliqu sauf convivial plus appliqu fair erreur repetit utilis encor frustr comm si cel suffir chargeur tomb pann apre seul deux jour lieu simpl remplac servic client chos piec vaut pein centim produir gamm vrai inadmissibl"
"MIRAMBEAU STEPHANE";"6 nov. 2024";"1";"0.0";"donc second messag experient total incroi startup vouloir different command aout premi dysfonction apre jour chang bagu multipl echang recept septembr dysfonctionnem mois sketch recomment demand plusieur chos videos chargeur voi interet test charg plus heur alor problem eter exact mem premier fois person charm dialogu expliqu tout pass bien remplac cour pouvoir effect couleur peux integr list attent gener dir aller derni derrier circular rest societ car recois mail matin echange curieux ecrit anglais etaient annonc fair rien remplacem lanc facon noir blablabl revien semain arrier resum fuir deux ball propos produir mauv qualit support simpl inexist jol imag innov franc"
"Drakontos";"3 nov. 2024";"5";"1.0";"peu retard livraison reunion dom produit qualit version silv donne tre correct utilis smartwatch huawei amazf recueil bagu suivr sant global similair montr connect encor test concern sportif rest fiabl batter tien jour mod perform pens eco facil lir synchronis eter catastroph premier long minut apre general ordre second pet fait chois system vibrat travail fair produir surtout part logiciel appliqu android just bemol mettr langu franc pos question anglais"
"Frederic DALMAIS";"Actualisé le 29 oct. 2024";"1";"0.0";"suit avis precedent final recu bagu remplacem debut juillet semain apre derni post celui ci fonction plus longtemp premier rappel moin jour ensuit problem etancheit rendr non fonctionnel ten charg quelqu heur pouvoir aucun donc reprendr discuss passion chat circular toujour capacit tourn rond tout resolu rapid eter aout mainten octobr rien entrer temp propos chang model noir ruptur stock taill contr silv disponibl immediat accept proposit entendr moment dorenav confirm quelconqu del principal regularit chain approvisionnem boit sembl maitris bref ide si recevr reel ni sou quel aut voit sit promess livraison blagu avi pass tour economis prix consequ equipem about qualit auquel exist servic client dign nom edit rapidit repons exact typ messag apport comm cas lor autr echang voyon resultat cel vrai volont control imag projete communaut reconnaîtr imperfect correct suivr"
"Ben";"23 oct. 2024";"1";"0.0";"aucun rembours malgr nombreux promess fait circular traver interlocuteur chaqu fois different apre achat realis novembr selon faut don confianc entrepris"
"Bruno Guaglianone";"18 oct. 2024";"1";"0.0";"servic client lamentablej command bagu mar dej devoir attendr mois avant recevoir pai ete prelev immediat contr dysfonction juin depuis toujour rien envoi etre realis semain prochained vagu excus gen rencontre aucun action reel pens plus arnaqu vai rapproch justic essai recuper argent"
"Valentin Baud";"15 oct. 2024";"1";"0.0";"command bagu mai etais tre content premi mois entrer cess fonction bout ca arriv contact support peu lent verificati effectu confirm envoi nouveau juillet aout toujour demand just attendr"
"Olivier SCHULTZ";"3 oct. 2024";"1";"0.0";"bagu commande juin oui jam livr demand rembours effectue decembr courri ar envoy adress sieg social retourn person repond plus ni e-mail reseau fuir arnaqu vai depos plaint aupr procureur republiqu escroquer vrai"
"Annie";"3 oct. 2024";"1";"0.0";"command bagu circular devoir etre livr moin semain apre aucun nouvel contr prelevem ete bien effectuec ni correct serieux"
"Benoit Bautheney";"17 sept. 2024";"1";"0.0";"avis mois apre associ client mecontent partag experient echang mail marco circular sav problem at gmx frnot bravo passag minut expliqu volont developpem contr pens occup de actuel commenc not inutil repondr ete navr situat comprendr queo dossi prioritair car ca fair ten engag histor juin contact servic remplac bagu valid demand remplacem renvoi dysfonction juillet confirm bon recept suit notif post definitiv messag part quand envoy nouveau repons verif pam prochain vagu livraison mi toujour rien ni inform sit indiqu envoi moin jour aout figur dej list priorit aller etre long plus continu utilis decept incap"
"Taybah Atif";"30 juil. 2024";"5";"1.0";"design egeret seduis fonctionnalit devoir encor amelior integr googl fair plus"
"Ziggy Zigzag";"30 juil. 2024";"5";"1.0";"tre satisf it suivr oxygen sang essentiel ger asthme bien etre net amelior grac fonctionnalit"
"Henson";"28 juil. 2024";"5";"1.0";"bagu confort appliqu parfois confus lent charg donne"
"Jones";"28 juil. 2024";"5";"1.0";"mod avion genial stock plus jour donne san synchronis"
"Efren";"27 juil. 2024";"5";"1.0";"port facil bagu mem styl bravo gar"
"Jonathan";"27 juil. 2024";"2";"0.0";"avis ete toujour mitig argument vent tre bon dont realit tout autr ami bagu chez our depuis an vouloir compar coup achet mois circular slim assez decu experient regret plus chos achat savoir renvoi voir dep jour retract legal resum ia integr vendr comm coach personnel fair lir inform mettr sou form text souvent erreur lectur conseil prendr compt real ridicul styl sommeil agit nuit devoir medit bah si parc chambr mesur surevalue general invers eter bureau travail fai journe mieux encor niveau calor brule kcal demand pourquoi perd poid mang moin typ activit tronqu consider sportif non zon stress alor just cris paniqu quand siest minut period calm evalu qual subject mem pass malgr peu heur scor faibl minimum indiqu ideal vi notif tel honnet aut rien dir ca bas propos mental repass synchronis donne lent moyen chronometr fois matin soir falloir pre second fabriqu peintur degrad vit voi dej griff apre servic client aid repond comprend avi contrair jam souc revanch etre beaucoup trop contact tir longueur chargeur fonction bout plutot simpl dev demarch test pend final pay livraison nouveau cout prix exorbit bref convaincr don merit celui ci cher concurrent assur qualit"
"Storey";"26 juil. 2024";"5";"1.0";"cirkulær ring var fantastisk jeg er glad for den"
"Butler";"25 juil. 2024";"5";"1.0";"etoil plus si integr strav vrai basiqu recommand utilis quas tout jour"
"Johnson";"25 juil. 2024";"5";"1.0";"servic client pouvoir etre lent prix fonctionnalit top bon affair attend prochain mis jour"
"Rolfes";"24 juil. 2024";"5";"1.0";"facil port mem styl bravo mec achet dernier version recent rav"
"Matthew";"24 juil. 2024";"5";"1.0";"souten kickstart premier version eter nul nouveau impression ii fair beaucoup progr bravo circular"
"Mandell";"24 juil. 2024";"5";"1.0";"bagu suivr sant san problem don conseil personnalis vi appliqu tre impression"
"Sophie";"21 juil. 2024";"1";"0.0";"ador fonctionnalit malheur apre mois dem utilis bagu arret pourt rien mysteri just porte tout jour quotidien egal ray tre facilem tel problem aim dur plus longtemp ca leg term qualit produir"
"Fred yoh";"21 juil. 2024";"1";"0.0";"command bagu lorsqu eter vent kickstart mettr an arriv alor del mois annonc synchronis appliqu beaucoup mal fair occurrent donne sommeil remont tre rar quelqu fois affichent complet errone reveil dur nuir detect contrario pass nuit exceptionnel affich plusieur eveil bug ete rapport servic client aucun retour pris compt mem essay port temp professionnel reconnaîtr corp medical circular radicalem different grand majort indiqu tal oxygen sang frequenc cardiaqu pens equip conscient import quoi ca bout decid supprim fonctionnalit analys cycl leg profond paradoxal rien phras parl nul besoin rajout tout autr problem rencontr"
"Gérald Pilard";"21 juil. 2024";"1";"0.0";"bagu inutil tre cher propos resultat incorrect aleatoir synchronis appliqu long jour trois environ enregistr transmettr donne sommeil don trop inform masqu manqu reel societ circular franc si pass pari aller voir address indiqu jam joignabl direct arnaqu couter ete prevenus attendr samsung ring"
"Reid";"18 juil. 2024";"5";"1.0";"premi jour circular ring ete impression suivr sommeil conseil pratiqu cel amelior recommand viv"
"client";"16 juil. 2024";"1";"0.0";"command surtout chez circular si bagu malheur conven doigt rembours cel fair mois bat obten rien chaqu mail envoi mettr jour repondr import quoi arnaqu"
"Guillaume";"9 juil. 2024";"1";"0.0";"entrepris produir deplorabl slim ring commande novembr fonction synchronis appliqu aleatoir malgr relanc intempest aupr sav repons toujour mem dir servic concern ete alert cour fait sentim avoir fair chatbot ven propos renvoi produit demand frer retour lament fuir"
"Vincent";"27 juin 2024";"1";"0.0";"bagu commande jam recu demand rembours fair toujour"
"Oliv";"21 juin 2024";"1";"0.0";"command ring slim novembr bagu final livr mi avril fonction pet mois premi contact servic client mai derni jour aujourd hui ten plus charg mieux heur mod eco mainten toutl pir deforme interieur san avoir sub choc prec dir fair batter gonfl part superieur repond attendr retour concern laiss pens pouvoir etre resolu distanc rev resign competent obten repar control agrement not car apre sembl danger difficilem conform test conformit confirm avi suppress messag reseal tout negat supprim direct experient lor attent livraison"
"Hubert PIETIN";"Actualisé le 21 juin 2024";"1";"0.0";"bagu fonction dizain jour pouvoir arret cr"
"Arnaud C.";"Actualisé le 27 juin 2024";"1";"0.0";"command bagu connecte chez circular prix euro devoir originel arriv juillet ete envoye recu apre contact premier fois sav jour utilis fonction dej plus donc recontact servic client fair effectu beaucoup oper compr trois mois tard attendr tent redemarr final accept envoi remplacem dommag taill eter bon renvoy frais question garant nouveau aller etre constat colis toujour envoy demand rembours cit articl cod consomm somm sou derni messag dat processus cour san pouvoir apport preuv concret ains aujourd hui an achat pend total period sembl surtout tout gagn temp fil redd consacr trustpilot parl mem entrepris pur incompetent niveau agir tre basiquem arnaqu nb pratiqu remonte dgccrf edit suit repons exig remboursem quant affirm comm quoi habitud aucun just blabl effect mail rout encor pai renvoi parc band nouill negoci prochain etap concili justic tel effort compens amateur oui perdr chemin bien evident seul prouv dir savoir fak it til you mak bout moment ca commenc voir peu avoir ecrit avis obten moralit boug sal"
"Geoffroy Gledel";"Actualisé le 24 juin 2024";"1";"0.0";"tel decu entrepris pourt sembl prometteur plateform financ particip alor ten franc rejoin plupart avi precedent men bateau depuis plus an croir non echang mail mefi vrai toujour repons envoy seul object fair esper patient final rien achet bagu circular ring mai recevoir juin pens patienc recompense fonction jour premier pann apparu premi semain cel mettr puc oreil trop content avoir enfin recu dis evolu app encor version bet permettr amelior charg vibrat aleatoir recharg partiel tre vit present defaut deven inutilis apre nombreux servic client trentain contact acceptent chang retourn donc nouveau real rate novembr mois demand remplacem combl iron envoye san chargeur sit arriv quelqu decharg remboursent excus gen occasionne utilis rencontr problem not just salv refair mem test inutil perdr temp rembours accept janvi pre recuper colissimo prouv bien paypal fevri presqu tout promettr ven annul derni beau clin oeil achat ete auparav propos assur trait pouvoir bref connaîtr suit dur interess constat pag facebook commentair visibl devoir embauch person simpl supprim negat recoiv chaqu centain recommand absolu cert bon marketing commun fiabl cot techniqu technolog suivr vai mainten laiss justic prendr car epuis relanc courag celui situat"
"Paul";"Actualisé le 24 juin 2024";"1";"0.0";"lien suiv command pratiquem jam ete fonctionnel attend toujour remboursem depuis mi fevri apre litteral plusieur ain echang mail promess ven pouvoir cour demand somm rembours paypal annule ici semain sou jour repris ca fin autr non tenu mensong mensongesofficiel servic train process plus mois donc resil envoi lettr mis demeur accus recept esper cel fair boug chos etoil bien mer malgr rien dir produit attir tant dommag lir avis pri fuir aller voir concurrent sai agir problem gestion financier quoi sembl circular repos argent client satisfair permettr poursuivr tromper edit commentair assassin trustpilot final trac souc inutil eter pourt plein espoir achet bagu merc"
"Sanders";"10 juin 2024";"4";"1.0";"dat experient juin"
"Hayes";"7 juin 2024";"4";"1.0";"content achat jusqu ici fair support mom donc bon nouveau"
"Elise";"5 juin 2024";"1";"0.0";"attend encor toujour remboursem depuis mois mar alor devoir etre effectu sou jour numero command demand paypal procedur circular messag relanc repons servic client rembours prevu semain cour avril ouvrabl ici fin nouveau parc decouvr premier ete annul your cas has been escalated to our financial team for urgent attent we are actively working resolv thi issu quickly possibl and will provid you with an updat soon hav mor inform constat trait reprendr contact concern afin assur cel fair meilleur del envoi rappel rien patient quand fai niem repond tachon complet inviton just peu moqu parl somm consequent balad san cess trouv solut merc"
"Pena";"5 juin 2024";"5";"1.0";"tre bien"
"Alnima";"3 juin 2024";"3";"";"bagu rest peu confort batter ten plus jour bien court annonc donne facil comprendr meilleur guid tre util apre quelqu utilis marqu visibl"
"Baldwin";"29 mai 2024";"5";"1.0";"surfac bagu ray facilem malgr ca bon choix celui cherch suivr leux sant mani discret honnet app plupart autr exampl fitb bien inferiur term quant donne"
"Coldiron";"26 mai 2024";"4";"1.0";"achet circular ring slim mar recu peu pre mois apre long global satisf"
"Cullin";"24 mai 2024";"4";"1.0";"excellent choix celui cherch suivr sant mani discret efficac"
"Sebastien P";"24 mai 2024";"1";"0.0";"command bagu promettr envoi bout mois lieu plus tard manqu chanc chang adress entrer temp donc signal aupr circular prendr bien compt inform annul assur nouveau silenc radio pend pref demand pris rembours plusieur propos dat ferm fix lequel engag fameux arriv aucun relanc deux semain laiss entreprendr cas certain problem subsist toujour messag excus alor dernier fois mai mettr demeur entrepris del rien non resultat attend remarqu pass trustpilot mecontent caus tent ici vouloir"
"Casas Lantz";"17 mai 2024";"5";"1.0";"not retard livraison mois sinon top mad in franc savoir quel point ca pouvoir etre compliqu avoir travaill dedan souten"
"Yann";"17 mai 2024";"5";"1.0";"servic client ete ecout savoir fair offrir tre interess"
"Pat";"16 mai 2024";"1";"0.0";"fair suit avis moin serieux puisqu sembl trustpilot possibl avoir contact regret dir mail moment san repons part circular messag automat envoy ia attendr aucun"
"Vincent";"Actualisé le 24 juin 2024";"2";"0.0";"bagu tre bien finel fonctionnalit importantesl assist personnel vrai plusl fait appliqu pai rapport concurrent egal point importantel waterproofseul del livraison long bemol achat dont content maj rencontr gros souc connexion bluetooth rest inaccessibl pend mem si servic client rapid repondr problem toujour resolu commenc perdr patienc plus autonom trop just max pass autr marqu cert peu cher fonctionnel"
"Nicolas Rousseau";"Actualisé le 16 mai 2024";"4";"1.0";"tj recu bagu circular commande plus mois"
"Planetbleue";"14 mai 2024";"3";"";"period etalonnag superieur jr comm indiqu initial devoir lanc manuellem conseil dout egal resultat sommeil profond moyen moin apple watch donc bof vrai convaincr"
"Caroline Moireaux";"Actualisé le 14 mai 2024";"1";"0.0";"achet bagu slim moment achat eter indiqu del jour recu plus trois mois apre pouvoir bout mem fonction tout cel fair essai avoir support techniqu resoudr problem bien chaqu fois falloir attendr minimum repons banal dir cec comm doc dej bref attend contact repond toujour imagin debord car dout etre seul suit don info fait install app supplementair telephon laiss just ici avi surpris voir vitess lequel alor rerererer envoy messag chat bot sit encor"
"Javier";"14 mai 2024";"5";"1.0";"dat experient mai"
"Noémie";"12 mai 2024";"4";"1.0";"recu deux mois apre achat fonction tre bien"
"Lee Moon";"10 mai 2024";"5";"1.0";"recommand utilis quas tout jour"
"Lost";"8 mai 2024";"1";"0.0";"achet produir trouv moyen appel client mettr bagu pani san avoir effectu pai just savoir pourquoi comment"
"Yann Nadjar";"8 mai 2024";"1";"0.0";"servic client inexist bagu slim fonction plus bout jour deconseil viv achat essay remplac repond techniqu aller etudi demand cel fair deux mois"
"Steven";"6 mai 2024";"5";"1.0";"port facil bagu mem styl hah bravo mec achet bien apre passag qvem dernier version recomm cont"
"Karan Patel";"3 mai 2024";"5";"1.0";"enfin concurrent franc soutien"
"Hollis";"2 mai 2024";"4";"1.0";"gagn etre plus prec activ physiqu sinon top"
"Umai Ellie";"1 mai 2024";"1";"0.0";"achet circular ring slim deux raison principal suivr sommeil fair boit francais tout simpl pir experient objet high tech jusqu present dej del livraison monstrueux recept ete decu car bagu asperit defaut fabriqu moch cens etre port comm bijou voit mem trac coll niveau capteur demand comment ca pouvoir fonction correct ailleur ensuit apre seul jour plus vibr vouloir connect app contact servic client surpris repond anglais sup chois franc langu heureux parl echang intermin manipul sai lir faq final dir problem techniqu remont haut parallel laiss decharg complet supprim compt recr nouveau mag refonction sauf realit donne remonte total faux correspondr apple watch achat import quoi fai insomn reveil souvent milieu nuir pend plusieur heur dorm moment extrem don chanc marqu mieux prendr our depuis moin semain vai remboursem voir different commentair croir trop vrai honteux"
"Terry Coen";"29 avr. 2024";"5";"1.0";"concentr technolog doigt appli top auss"
"Jayne Fortimer";"27 avr. 2024";"4";"1.0";"dat experient avril"
"Hawkin";"26 avr. 2024";"5";"1.0";"prendr circular ring slim design symp suivr sant fair boulot"
"Jean-marc Curchod";"17 avr. 2024";"1";"0.0";"bagu fonction partiel pend quelqu jour ensuit plus fait nouveau version softwar moin march jusqu tout ecrit fois chaqu demand fair chos aucun effet si remettr question alor tel cas rien person capabl dir temp pass san reaction professionnel garant quoi serv"
"LE GAL CARINE";"16 avr. 2024";"2";"0.0";"vien lir different avis voi problem remonte toujour plus moin mem celui rencontr decu produit vrai debut eme jour calibrag impossibl synchronis vibr bref nouveau operationnel donne complet farfelu coup neanmoin pend lap temp servic client repondu rien reproch cot trois semain apre r belot depuis eh bien tout surprendr parfois synchron aucun horair sommeil effectivemm souvent faux donc inutil graphiqu parl aim contr fonction reveil vibrat not auss mod perform falloir recharg mien dej considerablem raye boss derrier ecran chois bagu parc franc pens produir about final utilis tre longtemp deven contrair sourc frustrat supplementair vi dommag"
"Zakié";"3 avr. 2024";"5";"1.0";"bagu satisfais impressionne nombr fonctionnalit offrir reveil vibrat analys sommeil different conseil kir tre util"
"Teddy F.";"2 avr. 2024";"5";"1.0";"slim tout simpl genial savoir vrai impression fonction vibrat parf reveil douceur matin san agress alarm brui quand medit ger stress envoi leger apais aid concentr respir incroi voir quel point sensat pouvoir transform journe assist kir integr circular ring util recommand intelligent artificiel analys metriqu fourn conseil personnalis amelior sommeil augment niveau activit reduir toujour pertinent adapt besoin specif comm avoir coach personnel porte main guid ver mod vi plus sain equilibr sent connect sant mani nouveau innov bien bagu veritabl sourc etre quotidien"
"Pascal JOUBERT";"Actualisé le 2 avr. 2024";"1";"0.0";"attend rembours bagu defectu depuis fevri toujour repons standardise navr desol comprend fair maximum bug techniqu servic financi rest non respect delib engag ecrit parallel debut mar demand deliber coordonne mediateur consomm dont depend entrepris renseign pourt obligatoir figur ni sit circular cgv bon command aucun malgr repete em violat delibere loi regiss commerc electroniqu"
"Carlos f";"31 mars 2024";"5";"1.0";"tre satisfair bagu recommand usag quotidien"
"Dune";"31 mars 2024";"5";"1.0";"dat experient mar"
"Pierre Mtlrd";"30 mars 2024";"1";"0.0";"utilis circular slim depuis mois environ bagu ray facilem pourt meti manuel comm teinte mass moch tre visibl soire tel detecte sommeil fauss complet resultat donne biometr sembl souvent farfelu infrastructur reseau deplorabl cot latenc enorm pann repetiti pert quand quas decharge pass mod mort croix bannier reveil compt journe perdr beaucoup effort arriv autonom perform obligatoir si vouloir surveil recharg prend plutot minut annonce bien appliqu franc tout mail anglais pouvoir gen person pourquoi adapt langu chaqu profil arret grief regret avoir depens argent ca reflech concurrent"
"Pierre-Edouard Allary";"29 mars 2024";"1";"0.0";"mois entrer pai livraison appliqu deficient scor calcul tre episodiquem support don aid farfelu inutil depuis deux bilan experient serieux decev ca aller pouvoir etre amelior instant just bagu moch cher"
"N. DUBREUIL";"29 mars 2024";"4";"1.0";"apprec vrai port bagu quotidien parfois quelqu pet bug bien vit resolus"
"Yassine";"28 mars 2024";"5";"1.0";"vien recevoir bagu top instant hat voir arrive nouveau fonctionnalit"
"Paul";"28 mars 2024";"5";"1.0";"excellent interact"
"Alex";"28 mars 2024";"5";"1.0";"bagu uniqu genr circular fonction bien sommeil nuit grac conseil prodigu kir tre interess"
"Benjamin Ovtcharenko";"Actualisé le 28 mars 2024";"1";"0.0";"evit suit command mettr plus mois arriv alor sit indiqu stock recu bagu enfin met trouv peu serr apre jour utilis recharg ten batter vrai bien dessous valeur indique pouvoir etre fair obligatoir mod perf pend rend compt interieur boit taill donc contact servic client repondu messag ci bonjour benjamin merc avoir envoy photo terriblem navr erreur si correspondr deux option premi neuf san rayur chang gratuit pai frais retour nouveau envoi demanderon attendr recevoir avant autr vouloir comm ca deuxiem raye accord remettr import achet offrir ancien quelqu recycl quel produit electroniqu hesit savoir convi mieux honteux inform oui fort marque mem seul normal informaticien mecanicien repons posit rembours echang bon gratuitem port plaint voix avocat laiss pratiqu commercial eti tromp emballag lavous ete voleursj respons problem envoicomm cens correspond produitj aller prefer euro plutot gagn conflt"
"Berny";"27 mars 2024";"2";"0.0";"bonjour part problem recurrent concern remonte inform bagu appliqu serr souhait pouvoir modifi manuellem heur couch effet cas inactivit soir dev emiss tv pass mod sommeil don matin faux nuir excellent fin apre mid"
"Carl";"27 mars 2024";"4";"1.0";"version slim fair clair different fiabl discret niveau softwar phas sommeil toujour bien detecte surtout eveil attent synchronis donne background produir const progress rest del concurrent"
"Client";"27 mars 2024";"5";"1.0";"bagu connecte tre util utilis quotidien not entrain sportif suivr fiabl qualit discret esthetiqu"
"Yoyo";"Actualisé le 14 mai 2025";"1";"0.0";"fuir mettr jour bagu renvoye decembr derni apre an bataill servic client mail aucun retour ni rembours malgr relanc juin echang techniqu verif reven ver fait merc fair manipul cec celaetc etc ca plus mois march prochain messag post ici tout dir attendr pouvoir ains inform mani cess aller bientot repondr rien compliqu fonction don bon total somm paye achat hello mem avis autr commentair recu attent dat livraison repousse voul absolu connecte circular ring slim sembl about societ fiabl quel erreur h avoir contact hi repons ia san interet rempl formulair sit cat demand nom prenom command numero cod bar boit valid gros falloir champ donc oblig idem snu qr savoir si parvenu voir etanch ipx faq mar point garant comment possibl puisqu legal franc adress recus avenu elyse pari papp fr etabl secondair ferm depuis car demenag mainten av bref detail foultitud typ serieux francais taill esper etre jam vrai fonctionne vibr quand vouloir ajout pris medic appli sauvegard connexion bluetooth coup oubl sur experient chacun dout affair suivr manqu reaction laiss"
"ANISSA";"27 mars 2024";"5";"1.0";"dat experient mar"
"Dorian";"27 mars 2024";"5";"1.0";"recommand bagu circular"
"Ruben";"27 mars 2024";"5";"1.0";"laiss rar commentair produir achet coup vrai fan circular tout simpl genial non seul permettr suivr qualit sommeil amelior fair tel plus ca aut cot discret rendr beaucoup pratiqu montr bracelet mem fonction exempl trouv general peu encombr real quel point util"
"Theo";"26 mars 2024";"5";"1.0";"achet bagu afin suivr bien etre quotidien ca fait peu plus mois test inster decu part trouv tre fin avantag taill voul sent montr const poignet jour comm nuit donc altern top circular possed appliqu complet beaucoup fonctionnalit pouvoir fair reveil douc grac vibrat amelior cycl sommeil inform specifiqu fourn recommand vrai celui cherch"
"Tchammas";"26 mars 2024";"5";"1.0";"command bagu recu temp tre satisfair meilleur achat fair"
"Max";"26 mars 2024";"5";"1.0";"bagu bien designe auss haut technolog tre satisfais mesur sommeil cardiaqu spo ador coaching vagu leg confort"
"Lucie";"26 mars 2024";"5";"1.0";"bagu tre leg esthetiqu etant sportif import suivr donne appliqu circular propos satisfair achat"
"Nadjib";"26 mars 2024";"5";"1.0";"tre surpr bagu imagin etre auss prec fourn inform detaille activit particulierem sport sommeil conseil appliqu permettr amelior recuper plus jol montr connecte separ"
"Zak";"26 mars 2024";"5";"1.0";"excellent produit bagu pratiqu monitoring ser sport design eleg minimal"
"Martin";"26 mars 2024";"5";"1.0";"circular beaucoup aid cycl sommeil enormem autr element li comm energ global"
"Angèle";"25 mars 2024";"5";"1.0";"reveil vibrat bagu leg pratiqu fonctionnalit util tre satisfair avoir"
"Lolo";"25 mars 2024";"5";"1.0";"tre satisf produit correspondr tout fait attend"
"Xueming";"25 mars 2024";"5";"1.0";"pratiqu cool bon bagu app"
"RAN LIU";"25 mars 2024";"4";"1.0";"ca march bien utilis tout jour mem pet souc appliqu sup ring"
"Mahamady Samoura";"25 mars 2024";"5";"1.0";"achet fonction correct depuis plusieur mois mainten"
"Fa�za Bouba";"25 mars 2024";"5";"1.0";"deven indispens"
"Nicolas";"25 mars 2024";"5";"1.0";"superb bagu arriv bien voir inform support top tre reactif"
"Guillaume.M";"24 mars 2024";"5";"1.0";"recent occas achet bagu connecte devoir dir tre impression fonctionnalit design vrai symp discret rendr parf usag quotidien apprec particulier offrir util not analys activit physiqu repo lor entrain sportif rythm cardiaqu calcul vo max plus kir don nombreux recommend enfin aim beaucoup reveil intelig tout matin form plein energ resum satisfair recommand viv quiconqu recherch accessoir fois eleg fonctionnel rest connect amelior qualit vi"
"christine";"24 mars 2024";"5";"1.0";"magnif experient car eter femm apprec design finess legeret etant sportif correspondr parfait attent calcul distanc parcour calor depense cot sommeil enormem reveil intelligent fonction permettr etre reveille zon leg innov fiabl concern bel decouvert rest encor mal donne collecte etudi"
"Jean";"24 mars 2024";"4";"1.0";"recu bagu depuis mois content avoir plutot satisf fonctionnalit"
"Pam";"24 mars 2024";"5";"1.0";"bagu excellent recommand fort"
"Marie";"24 mars 2024";"5";"1.0";"tre satisfair bagu circular livraison lieu rapid utilis appliqu intuit achet amelior sommeil apre semain constat dej"
"Charles";"24 mars 2024";"5";"1.0";"bagu rempl bien fonction tre satisf recommand"
"Benoît";"24 mars 2024";"5";"1.0";"tout matin consult scor sommeil cel incit fair attent journe nuir suiv"
"Geneviève Mace";"24 mars 2024";"5";"1.0";"ensorcel pierr lun etoil bagu fair oubli tout souc"
"Elias Psallis";"24 mars 2024";"5";"1.0";"circular permettr monitor cycl sommeil suivr evolu sant"
"Maxime.F";"23 mars 2024";"5";"1.0";"parfair command utilis produit cherch bagu fonctionnalit depuis moment enfin trouv"
"Naya Rastel";"23 mars 2024";"5";"1.0";"produit sup permettr gard suivr reguli sant plus etre facil utilis"
"Salma Sires";"23 mars 2024";"5";"1.0";"objet pratiqu fourn inform detaille recommand"
"Olivier Rastel";"23 mars 2024";"5";"1.0";"facil utilis don beaucoup inform"
"Mrs Claudine Roussel";"22 mars 2024";"5";"1.0";"sup produitfonctionnalit topfacil utiliserdesign symp"
"Thomas";"22 mars 2024";"4";"1.0";"recu slim vibrat cool synchronis assez long voir prochain mois suit different test utilis"
"Jean-christophe Ollier";"22 mars 2024";"5";"1.0";"excellent produit servic client top"
"Massimo Piemonte";"22 mars 2024";"1";"0.0";"attent bagu ete cauchemar accept envoi fair san accord uniqu parc dir devoir attendr semain remboursem eter argent rembours seul chos mani tre fiabl detect sommeil cepend valeur different cel garmin frequenc cardiaqu total aleatoir lor verif mesur direct affich toujour plus moin mem peu import si entrain fai siest canap jam dessous dessus plusieur problem appairag apre avoir recu mort desol etre negat pouvoir pir"
"Thomas Rolin";"22 mars 2024";"3";"";"bagu encor poindr comm concurrent circular depuis mois manqu precis plus temp charg donne fai matin prendr plomb ia kir presqu inutil tout jour mem retour analys peu approfond"
"Sab merca";"22 mars 2024";"2";"0.0";"bagu souvent beug agreabl port party abras bout plastiqu cass donc trou pouvoir comprendr qualit hauteur prix parl del livraison mois bref tre decu essai samsung voir"
"Christophe Dalla Valle";"22 mars 2024";"1";"0.0";"trist experient bagu defectu dej renvoye mois attent nouveau problemeem buetooh pass rien boug"
"Melodie";"22 mars 2024";"4";"1.0";"sup produit bagu slim command vrai bien gen tout port facil nuir"
"sas.renard";"Actualisé le 25 mars 2024";"1";"0.0";"attend rembours partiel bagu defectu depuis retour colis pourt act toujour repons standardise navr desol comprend fair maximum bug techniqu servic financi rest non respect delib engag ecrit parallel demand deliber coordonne mediateur consomm dont depend entrepris renseign obligatoir figur ni sit circular cgv bon command aucun malgr repete em violat delibere loi regiss commerc electroniqu client repond plus corcular pein publi nouveau typ max merc contact lmon numero suit circularou confirm apre avoir post avis hasard san dout"
"Aurmilya";"20 mars 2024";"4";"1.0";"beaucoup attent avant enfin recevoir bagu different problemat entrepris fabriqu compos servic client tre reactif don info jour quand contact fonction bien utilis depuis plusieur mois satisf"
"charlotte arnould";"Actualisé le 1 avr. 2024";"1";"0.0";"cest vrai pouvoir etre til quelqu final em commentair numero command eter affich er seul oui sag mar pein joindr donc dir don avis nai mettr nom car internet merc lavoir inscrir pro hesit prendr contact mail rembours mieux aller chez samsung bon apre repons agir bien ia puisqu indiqu ci dessous depuis novembr stock moment attent recept vit renvoi fair san mem essai bafou mad in francerespect client repond chat insupport met ici invit person humain repondr papp entrepris circular bagu recu chargeur cadeau propos guis gest commercial mois oubli colis visibl sinon gadget plutot interess appliqu fait"
"Marc Poub";"14 mars 2024";"5";"1.0";"bien recu kit sizing bagu taill mal instant ras"
"Maxime";"14 mars 2024";"4";"1.0";"tre content produit attend mem si chargeur pourr etre peu plus pratiqu merc"
"Fatma Hamza";"12 mars 2024";"4";"1.0";"bagu bon qualit recu temp recommand"
"Leboncoin COPAGABEN";"Actualisé le 19 févr. 2024";"1";"0.0";"cf echang precedent selon direct europeen droit consomm ue lorsqu achet produir lign dispos retract jour compt recept produit permettr renvoi san avoir justifi motif ni pai penalit fair donc recu mail confirm circular coli etait reception rembours ecrit sauf dossi beau etre trait conform tout oblig legal car fois retourn articl mem indiqu vendeur ten recus compr frais livraison standard retard excess etat caus plus tard inform decis toujour rien argument hi vouloir dir souhait regl pratiqu precis suivr bon courag combl dedouan loi adapt invers si forum quelqu sembl reactif trustpilot vi servic client classiqu pouvoir communiqu coordonne mediateur dont depend entrepris info communic malgr demand repete institu savoir autr conseil niaiser stereotype sav command alor effac repons contact jurist boit remettr tet endroit expliqu start up nation devoir reiter question final quel rappel eter besoin cod franc ordon aout decret octobr impos ensuit temporalit recour regard ger effectu auss ecart volontair enver commercial vai proch difficult remboursem ven detaill plateform seul falloir croir capabl tardiv chang attitud"
"Stéphane FOURNIER";"11 févr. 2024";"1";"0.0";"produit repond ni correspondr descript fair recept plusieur mois apresl dat initial autonom moin trois jour mod performanc etant gentil detect certain reveil nocturn savoir comment calcul niveau stress tout part calibr bagu anglais mem si regl autr langu bref bel decept rapport present sit web"
"Maxime David";"10 févr. 2024";"1";"0.0";"gros voleur arriv problem tailleproduit plastiqu cheap cherretour sou jour attendr remboursem ven jamaisfui mois rembours honteentrepr merit coul"
"Manu";"3 févr. 2024";"1";"0.0";"depuis bientot six mois attent hypothetiqu livraison command septembr premi version bagu avant renomme model pro arrive slim auss propos acquer prix reduit bon blagu lor eter prec lieu novembr hes dommag decouvert avis client arnaqu sit cel evit etre tour societ presente comm franc soi dir meilleur experient ser connecte serieus vend produir stock encor fabriqu regulier vent devoir quelqu jour suppos lorsqu cash commenc manqu caiss envoi jam articl moyen depos plaint collect contr typ pratiqu quand mem plus euro vrai lament"
"Jeannot Deslot";"Actualisé le 9 juin 2024";"1";"0.0";"pir entrepris lequel pouvoir avoir affair apre repouss san cess livraison pend mois demand rembours bien vouloir sizing kit puisqu recu fair paypal ca attend servic client anglais seul temp sur bot repond commenc croir jam edit jour aucun part circular pre esper plus rien toujour support sort oui comprend aller contact financi occup bientot essay mail bon courag si achet chez"
"kevin pellé";"Actualisé le 22 janv. 2024";"1";"0.0";"marqu fuir aucun respect client servic deplorabl envoy mail san repons troisiem recu car bagu pann apre presqu mois echang demand repar toujour attendr pouvoir distanc jam voir auss nul dommag franc samsung annonc sai vai mettr argent prochain fois"
"Pascal S";"29 nov. 2023";"1";"0.0";"arnaqu command chez allez perdr argent"
"Franck THOMAS";"24 nov. 2023";"1";"0.0";"cocorico devoir etre fier entrepris francais prend client imbecil bagu commande debut octobr livraison novembr dej del import typ materiel toujour rien recu pir support catastroph aucun contact humain possibl san pass ia debil incap fourn repons chat mail mem chos absolu pouvoir comprendr retard product tel suivr intolerabl esper si recoi jour moin hauteur"
"Olivier Schultz";"15 nov. 2023";"1";"0.0";"fuir arnaqu pai command bagu an dem toujour livr person repond email"
"Celine Del Rabal";"30 oct. 2023";"1";"0.0";"plus an attendr bagu mois remboursem mainten dir rembours fonction devoir pass paypal demand fair quel del aller encor annonc fuir recu connecte our quelqu jour"
"Julien";"Actualisé le 16 janv. 2024";"1";"0.0";"command realise janvi toujour rien recu servic client fair aucun com suiv rar voir truc pareil modif commentair suit repons mois apre dir mettr messag bien moin fois hi demand rembours annul avoir passe san jam not ici obtien"
"FP Arsenault";"27 juil. 2023";"1";"0.0";"presqu aucun suiv aupr client mem apre quelqu mois depassem dat livraison prevu repons servic clientel plusieur commun remboursem produit lent long prendr plus"
"Burel Bruno";"25 juil. 2023";"1";"0.0";"command pass deux mois nouveau vendeur servic client fuir"
"Ludo";"27 juin 2023";"1";"0.0";"pre command fevri pai integral toujour rien dat san cess repousse repons fuir"
"Cassandra Moraine";"12 juin 2023";"1";"0.0";"command bagu mai ensuit peu comm tout mond attendr tre longtemp jam aucun updat circular ouvert client chaqu fois ecriv dis recevr colis mois suiv pouvoir craqu demand rembours bout plus an insist recu repons anglais franc toujour copi coll excus bonjour ni merc rien etre pir entrepris voir servic moqu auss royal satisfact bref fuir mem si achat pass bien fair long feu rythm faillit appli aller"
"philippe ridoux";"26 mai 2023";"1";"0.0";"bagu commande depuis an retour chat quand question pos dat livraison san cess repousse si dernier donne livr demand rembours"
"Dtag Dtag";"10 mai 2023";"1";"0.0";"command anneau juin toujour livr del arret etre repouss repons support preformate irrespectu client demand rembours"
"Alain Kirstetter";"Actualisé le 16 janv. 2024";"1";"0.0";"arnaqu command pay model taill apre avoir recus cde definit toujour rien recu lorsqu demand inform obten aucun repons ete fuirj effect livr an plus tard bagu fonction bien tractat promettr nouveau version cour janvi rest jour wer and se"
"NF";"17 mars 2023";"1";"0.0";"comm beaucoup impress toujour rien recu alor command bagu aucun commun repons demand tchat sit sert moyen remboursem fuir"
